strike,bid,ask,open_interest
400,123.55,125.7,10810
405,118.5,120.8,566
410,114.3,116.55,5609
415,109.35,111.95,1637
420,105.15,107.15,9449
425,100.4,102.75,1312
430,96.25,98.35,5441
435,92.1,93.2,620
440,87.65,89.55,5656
445,83.4,85.85,1046
450,79.65,80.95,14182
455,75.45,77.25,1306
460,71.5,74.0,3043
465,67.95,69.85,963
470,64.2,66.45,3735
475,60.85,62.5,2628
480,57.4,58.2,6048
485,53.75,55.6,1777
490,50.75,52.05,4704
495,47.25,49.15,2118
500,44.75,45.4,21294
505,41.85,42.65,2544
510,38.9,40.55,13950
515,36.6,37.4,2960
520,33.45,34.7,5660
525,31.3,32.45,1995
530,29.4,30.15,7780
535,26.95,28.4,2264
540,25.0,26.05,3708
545,23.2,24.35,2774
550,21.65,22.3,12479
555,19.75,20.8,2280
560,18.4,19.2,3492
565,16.7,17.75,1719
570,15.4,16.2,2076
575,14.35,15.0,26592
580,13.0,13.85,2563
585,12.1,12.7,870
590,11.05,11.6,3497
595,10.15,10.7,4121
600,9.25,9.5,21472
605,8.4,8.95,1355
610,7.45,8.2,2222
615,6.95,7.65,5677
620,6.4,6.85,2286
625,5.75,6.2,52566
630,5.3,5.65,682
635,4.35,5.15,381
640,4.35,4.7,963
645,4.0,4.4,271
650,3.65,3.85,5576
655,3.3,3.6,599
660,2.99,3.25,830
665,2.7,2.96,175
670,2.3,2.68,522
675,2.22,2.48,25451
680,1.99,2.25,557
685,1.81,2.04,249
690,1.61,2.2,463
695,1.46,2.05,1612
700,1.31,1.45,10118
705,1.17,1.55,101
710,1.06,1.41,241
715,0.94,1.24,174
720,0.84,1.14,380
725,0.76,1.13,309
730,0.68,0.89,219
735,0.61,0.72,379
740,0.54,0.81,390
745,0.49,0.67,220
750,0.43,0.51,1063
